[
    {
        "maTinhTP": "01",
        "tenTinhTP": "Thành phố Hà Nội"
    },
    {
        "maTinhTP": "04",
        "tenTinhTP": "Cao Bằng"
    },
    {
        "maTinhTP": "08",
        "tenTinhTP": "Tuyên Quang"
    },
    {
        "maTinhTP": "11",
        "tenTinhTP": "Điện Biên"
    },
    {
        "maTinhTP": "12",
        "tenTinhTP": "Lai Châu"
    },
    {
        "maTinhTP": "14",
        "tenTinhTP": "Sơn La"
    },
    {
        "maTinhTP": "15",
        "tenTinhTP": "Lào Cai"
    },
    {
        "maTinhTP": "19",
        "tenTinhTP": "Thái Nguyên"
    },
    {
        "maTinhTP": "20",
        "tenTinhTP": "Lạng Sơn"
    },
    {
        "maTinhTP": "22",
        "tenTinhTP": "Quảng Ninh"
    },
    {
        "maTinhTP": "24",
        "tenTinhTP": "Bắc Ninh"
    },
    {
        "maTinhTP": "25",
        "tenTinhTP": "Phú Thọ"
    },
    {
        "maTinhTP": "31",
        "tenTinhTP": "Thành phố Hải Phòng"
    },
    {
        "maTinhTP": "33",
        "tenTinhTP": "Hưng Yên"
    },
    {
        "maTinhTP": "37",
        "tenTinhTP": "Ninh Bình"
    },
    {
        "maTinhTP": "38",
        "tenTinhTP": "Thanh Hóa"
    },
    {
        "maTinhTP": "40",
        "tenTinhTP": "Nghệ An"
    },
    {
        "maTinhTP": "42",
        "tenTinhTP": "Hà Tĩnh"
    },
    {
        "maTinhTP": "44",
        "tenTinhTP": "Quảng Trị"
    },
    {
        "maTinhTP": "46",
        "tenTinhTP": "Thành phố Huế"
    },
    {
        "maTinhTP": "48",
        "tenTinhTP": "Thành phố Đà Nẵng"
    },
    {
        "maTinhTP": "51",
        "tenTinhTP": "Quảng Ngãi"
    },
    {
        "maTinhTP": "52",
        "tenTinhTP": "Gia Lai"
    },
    {
        "maTinhTP": "56",
        "tenTinhTP": "Khánh Hòa"
    },
    {
        "maTinhTP": "66",
        "tenTinhTP": "Đắk Lắk"
    },
    {
        "maTinhTP": "68",
        "tenTinhTP": "Lâm Đồng"
    },
    {
        "maTinhTP": "75",
        "tenTinhTP": "Đồng Nai"
    },
    {
        "maTinhTP": "79",
        "tenTinhTP": "Thành phố Hồ Chí Minh"
    },
    {
        "maTinhTP": "80",
        "tenTinhTP": "Tây Ninh"
    },
    {
        "maTinhTP": "82",
        "tenTinhTP": "Đồng Tháp"
    },
    {
        "maTinhTP": "86",
        "tenTinhTP": "Vĩnh Long"
    },
    {
        "maTinhTP": "91",
        "tenTinhTP": "An Giang"
    },
    {
        "maTinhTP": "92",
        "tenTinhTP": "Thành phố Cần Thơ"
    },
    {
        "maTinhTP": "96",
        "tenTinhTP": "Cà Mau"
    }
]